Set,PPG-MAE,BCG-MAE,rPPG-MAE,PPG-SDE,BCG-SDE,rPPG-SDE,PPG-MSE,BCG-MSE,rPPG-MSE,PPG-RMSE,BCG-RMSE,rPPG-RMSE,PPG-PCC,BCG-PCC,rPPG-PCC
s01,0.030145883,2.585179626,0.052587236,0.036602525,2.546210623,0.064080795,0.00138877,11.15808432,0.004107044,0.037266207,3.340371883,0.064086225,0.999977171,0.919722567,0.999915744
s01_talk,0.071918024,7.689251898,1.337620688,0.094303951,2.653729494,1.473383408,0.009785499,66.16687498,2.683574779,0.098921681,8.134302366,1.638162012,0.999820047,0.857260481,0.955186904
s02,0.028719148,1.331771857,0.407749025,0.035815226,1.531713481,0.728100106,0.00129901,2.647811418,0.682673093,0.036041781,1.627209703,0.826240336,0.999974341,0.951601718,0.989338901
s02_talk,0.039672435,2.008751549,2.607679494,0.049507609,2.273106425,2.524928973,0.002498422,5.930109364,13.17145578,0.049984216,2.435181588,3.62925003,0.999890476,0.789461022,0.842731972
s03,0.017891717,1.14422812,1.021064177,0.024338136,0.676200496,0.915653366,0.000605256,1.766505102,1.865676316,0.024601952,1.329099357,1.365897623,0.999937947,0.98180783,0.907398492
s03_talk,1.077802506,6.610607458,3.080322469,1.401778652,2.489935443,2.487923479,3.098229965,49.89990948,15.21433076,1.760178958,7.063986798,3.900555186,0.807018137,0.745930318,0.857952236
s04,0.028625506,7.05797672,1.019148999,0.040348857,2.911639418,0.984325608,0.001641426,58.29267949,1.989219629,0.040514512,7.634964275,1.410396976,0.999888233,0.70312132,0.954584571
s04_talk,0.031111372,7.898392817,2.648674167,0.033996755,3.19392441,2.673993997,0.001428475,72.58576223,14.0765176,0.037795171,8.519727826,3.751868547,0.99985797,0.62362574,0.484370351
s05,0.018523284,0.70538658,0.092944814,0.015628141,0.241603205,0.113824353,0.000571752,0.555942336,0.013768648,0.023911336,0.745615408,0.117339883,0.999993827,0.999496681,0.999701932
s05_talk,0.022230626,2.171884538,0.429390505,0.028756316,2.44721402,0.745287267,0.000936821,8.158917067,0.725807939,0.030607527,2.856381814,0.851943624,0.999981226,0.902002178,0.985787906
s06,0.043441879,9.060230273,1.170540055,0.051598596,3.803946805,1.058046516,0.002818839,96.55778388,2.430591892,0.053092744,9.826382034,1.559035565,0.999862291,0.529000702,0.939956663
s06_talk,0.045088021,8.386717121,0.031840606,0.047351083,6.887705728,0.037800324,0.003173723,84.70352543,0.001570894,0.056335804,9.203451821,0.0396345,0.999957114,-0.003550977,0.999973498
s07,0.013413909,1.170241087,0.055865639,0.012680664,1.20589215,0.07590589,0.000291712,1.955138686,0.005786411,0.017079583,1.398262738,0.07606846,0.999993359,0.933908486,0.999753852
s07_talk,0.401630295,2.446285786,2.398685843,0.701683419,1.602985566,1.901977376,0.62698029,8.553876872,9.363547375,0.79182087,2.92470116,3.059991401,0.981169242,0.913431854,0.851822888
s08,0.043098937,11.70832403,4.556623794,0.041291779,4.9165658,2.92297314,0.002818979,161.2574709,29.30659238,0.053094056,12.69871926,5.413556352,0.999860008,0.468215461,0.060708373
s08_talk,0.063996557,14.61304043,6.058421577,0.087861543,4.264947814,5.165762268,0.007745464,231.7307305,63.38957181,0.088008318,15.22270444,7.96175683,0.99977284,0.570789923,0.106041404
s09,0.038157384,1.370267506,6.31303488,0.046807702,0.733362283,2.194116732,0.002193176,2.415453276,44.66855763,0.046831355,1.554172859,6.683454019,0.99981738,0.982195803,0.850375664
s09_talk,0.36379327,2.725307297,2.820536856,0.659990219,2.914008094,3.26531433,0.546078144,10.83338607,11.04551779,0.738971003,3.291410955,3.323479771,0.99513976,0.815130283,0.751225203
s10,0.030392382,0.918207419,0.956646206,0.028542673,1.077866195,1.172465149,0.001303304,1.162993425,1.748332201,0.036101303,1.078421729,1.322245137,0.999959375,0.939969878,0.959005072
s100,0.033241491,1.979838627,0.051902374,0.042427049,1.29024557,0.063379591,0.001806826,5.58449462,0.004194228,0.042506774,2.363153533,0.064762856,0.999915293,0.973936367,0.999806353
s100_talk,0.043253242,2.593361125,2.313982066,0.053637588,3.063296459,2.549792169,0.002894472,12.04690692,10.15441043,0.053800295,3.470865443,3.186598567,0.999914249,0.699489315,0.767757827
s101,0.023576372,1.085922032,0.267099174,0.029680592,0.423512248,0.422104063,0.000882137,1.252236567,0.179619114,0.029700795,1.119033765,0.423814953,0.999970261,0.998792735,0.994021456
s101_talk,0.383828379,9.80921899,4.94546585,0.726100175,4.340047181,2.774569036,0.658800134,115.0567867,32.14297398,0.811665038,10.72645266,5.669477399,0.991992733,0.657425603,0.890877337
s102,0.025188346,13.53244864,8.719468887,0.030476459,3.800166827,4.153221843,0.000947851,197.568434,93.27838935,0.030787194,14.05590389,9.658073791,0.999991583,0.90258842,0.830614436
s102_talk,0.031416334,22.72423853,12.68031809,0.036409029,4.202626049,2.965390887,0.00138203,534.0530825,169.5840099,0.037175659,23.10958854,13.02244255,0.999982372,0.720694889,0.872133838
s103,0.034045419,3.141577584,4.508594641,0.045483544,1.456279496,1.944362689,0.002073799,11.99025969,24.1079719,0.045538981,3.462695437,4.909986956,0.999786279,0.832914661,0.705504318
s103_talk,0.022960319,8.311898703,4.024085273,0.025915518,3.536771061,2.465294797,0.000779404,81.5964096,22.26291951,0.027917814,9.033073098,4.718359833,0.999932039,0.661377347,0.627907116
s104,0.037076563,1.791505445,3.06422076,0.04426042,1.167032206,3.742344564,0.001981571,4.57145593,23.27063684,0.044514844,2.138096333,4.823964846,0.999899758,0.925612069,0.274150623
s104_talk,0.052309603,6.617495395,4.376463659,0.064386457,2.437483308,3.92095157,0.004239191,49.73257018,34.50592608,0.065109073,7.052132315,5.874174502,0.99980771,0.822486857,0.796163524
s105,18.61460779,3.90188811,11.03509069,3.977730081,4.518069698,4.737593649,362.3259598,30.87461307,144.2180201,19.0348617,5.556492875,12.00908073,-0.030811915,0.290741565,0.615101277
s105_talk,8.138478061,12.4542563,13.37726426,6.263662281,3.338605815,3.709555248,105.4682903,166.2547888,192.7119993,10.26977557,12.89398266,13.88207475,-0.590641479,0.605439496,0.661473252
s106,0.383899356,1.49460203,3.889802382,0.712700872,1.961674145,1.693952965,0.647438102,3.848268671,18.00003922,0.804635384,1.961700454,4.242645309,0.955049435,0.790399951,0.878819065
s106_talk,2.326403897,1.887034832,1.518118069,3.69482271,2.078944431,1.668368225,19.05403643,4.349558667,2.942306528,4.365092947,2.085559557,1.715315285,0.708040975,0.795430352,0.886877905
s107,0.388888048,4.006710961,5.503307361,0.722311111,2.054282063,3.362781944,0.649250278,20.27380752,41.5675045,0.805760683,4.502644503,6.447286599,0.933330714,0.756760806,0.573731356
s107_talk,0.735819032,2.975920274,1.777579687,1.320757321,2.691051927,1.900468061,2.253335816,14.23560109,5.301907583,1.501111527,3.773009554,2.30258715,0.933900973,0.682098086,0.843750375
s108,0.02708317,1.037479735,0.053379777,0.034021211,0.850220253,0.062740491,0.001196585,1.300387538,0.004163265,0.034591684,1.140345359,0.064523368,0.999933824,0.955230906,0.999757703
s108_talk,0.038102411,6.159554468,1.780266122,0.047485088,3.778298915,1.474081783,0.002259283,48.53421922,4.020286165,0.047531918,6.966650502,2.005065127,0.999968343,0.812727806,0.968168809
s109,0.01333589,1.307209018,0.083097491,0.016690781,0.225830708,0.09497002,0.000282081,1.759794925,0.009393208,0.016795276,1.326572623,0.096918566,0.999995013,0.999861302,0.999831277
s109_talk,0.045952347,6.570007318,3.305625379,0.062903242,3.65038983,2.424243909,0.00434039,56.49034207,14.92416561,0.065881633,7.516005726,3.863180763,0.999903989,0.645012045,0.837393957
s10_talk,0.043087221,2.989740221,0.501734942,0.047912046,3.325588232,0.758122816,0.002832225,11.60406214,0.813411548,0.053218656,3.406473564,0.901893313,0.999924179,0.625261654,0.984141691
s11,1.978252529,4.789621936,1.998543396,1.688991328,3.342057313,2.48733224,4.84318088,34.10982537,6.904994047,2.200722809,5.84036175,2.627735536,0.842493855,0.460118344,0.696272517
s110,0.039179316,6.228004973,10.68565547,0.041713605,3.661161584,3.561309519,0.00248528,52.19215009,126.8661583,0.049852582,7.224413477,11.26348784,0.999757618,0.314378965,0.657847153
s110_talk,0.026112163,3.766830101,5.296861162,0.031139955,3.525113738,3.165599894,0.001007923,24.56913884,38.07776085,0.031747809,4.956726626,6.170718018,0.999934293,0.468637241,0.472139707
s111,0.072942369,2.494738553,8.256653635,0.204496309,1.529723408,3.419650124,0.042378742,8.475794112,79.86633622,0.205860978,2.911321712,8.936796754,0.985520216,0.675284999,0.06582217
s111_talk,0.05263016,5.757235593,5.206414234,0.069297533,2.549927508,1.943466149,0.004914577,39.17664436,30.88380985,0.070104046,6.259124888,5.557320384,0.999697537,0.537507233,0.83971736
s112,0.028977763,3.597733495,2.37243958,0.034991186,1.481387879,2.458021487,0.001343108,15.13819634,8.422540516,0.036648432,3.890783513,2.902161353,0.999926951,0.966570848,0.73973727
s112_talk,0.064618906,3.871258686,1.933086223,0.08276977,3.384043206,2.157108714,0.00712499,18.75848725,4.907434272,0.084409655,4.331106931,2.215272956,0.999895129,0.811536125,0.927057806
s113,0.02603156,1.363254881,0.821048968,0.030323122,1.61111485,1.110783903,0.0010137,3.035540182,1.237744338,0.03183866,1.742280167,1.112539589,0.999976164,0.930030394,0.968062463
s113_talk,0.030189455,5.171838363,0.841702282,0.034797732,2.757874705,1.154816167,0.001406281,34.35378494,1.497866183,0.037500416,5.861210194,1.223873434,0.999962996,0.776833074,0.957973521
s114,0.028657919,2.735940094,0.500617971,0.03481758,3.157796172,0.8433973,0.001225501,11.13063645,0.736272954,0.035007156,3.336260849,0.858063491,0.999970887,0.706785166,0.986318168
s114_talk,0.029922932,4.387783504,2.704918071,0.038007389,4.436214218,3.135436394,0.00145574,36.91035979,10.90621256,0.038154164,6.075389682,3.302455534,0.999961324,0.407882865,0.728649604
s115,0.009532505,2.33391505,5.957755135,0.012948777,1.006707887,2.736417621,0.000186961,6.46062023,42.98282764,0.013673353,2.541775016,6.556129014,0.999783986,0.673760753,0.347237379
s115_talk,0.039076042,10.89407046,1.339376128,0.048126963,2.920612138,0.961146029,0.002321252,127.2107464,2.714273332,0.048179376,11.27877415,1.647505184,0.999724723,0.544998095,0.89473579
s116,0.022399311,1.425636307,4.530930114,0.027929006,0.842006104,3.218147004,0.00079018,2.732066346,30.8791994,0.028110136,1.652896351,5.55690556,0.999979636,0.977632435,0.595643881
s116_talk,0.377488477,7.895018229,5.597237936,0.692915775,4.439187351,2.721238365,0.619294305,82.03769717,38.73421075,0.786952543,9.057466377,6.223681447,0.98598028,0.608728413,0.767306634
s117,0.025350783,1.255205909,0.807321967,0.029820285,0.215838912,1.225757361,0.000900687,1.622128311,1.504330905,0.030011444,1.273628011,1.226511682,0.999957179,0.99936669,0.925897825
s117_talk,0.030280521,7.726829154,2.205765317,0.037466159,4.788546896,2.304052437,0.00140888,82.6231201,7.573782809,0.037535044,9.089726074,2.752050655,0.999978417,0.549340942,0.882203784
s118,0.228479582,1.970013483,1.231282269,0.623513512,2.161392982,1.186352375,0.428137951,6.433860439,2.60195622,0.654322513,2.536505557,1.613058034,0.977235745,0.766656311,0.926263877
s118_talk,3.346801338,4.719732816,3.417990686,4.684180133,3.494878532,3.692950279,33.12430578,30.74535949,22.50654835,5.755371906,5.544849816,4.744106697,0.734845961,0.739607256,0.711295023
s119,0.022781881,1.64350574,4.087149944,0.027866907,1.60725301,3.026063865,0.000872327,4.316088703,25.85191866,0.029535185,2.077519844,5.084478209,0.999991718,0.969027077,0.883013002
s119_talk,0.19662697,11.87421621,6.764082885,0.402277764,2.708161832,3.469402085,0.184107966,148.3311512,57.78056769,0.429078042,12.17912769,7.601353017,0.99878512,0.884602338,0.858374579
s11_talk,0.431108259,8.707594234,0.829031169,0.690704955,9.030336372,1.254731847,0.644931597,113.9575439,1.578958023,0.803076333,10.67508988,1.256565965,0.989762115,0.310794748,0.966673276
s12,0.017850872,9.801064762,2.255083006,0.022393366,3.13757959,2.54592965,0.000502281,105.9052762,11.51091762,0.022411624,10.29102892,3.392774325,0.999992792,0.82362931,0.939716102
s120,0.024724629,6.06747431,3.499746369,0.02979664,5.761327275,1.550340591,0.000887896,47.69114172,14.60974833,0.029797584,6.905877332,3.822270049,0.999956403,0.064140499,0.921102722
s120_talk,0.681135903,8.801068152,7.169801746,1.050378231,3.131355975,2.42037791,1.541076945,87.06661324,57.26428631,1.241401202,9.330949214,7.567316982,0.874871675,0.793349371,0.876112539
s121,0.020111272,2.363515524,1.551208556,0.023279084,1.524213731,1.472412246,0.000701305,7.909433132,4.547253794,0.026482162,2.812371443,2.132429083,0.999940886,0.838378486,0.881595766
s121_talk,0.022662945,3.692002812,2.654599929,0.024710801,1.762757261,2.647392122,0.000756298,16.73819792,13.97726971,0.027500875,4.091234279,3.73861869,0.999960911,0.843684258,0.657870852
s122,0.022549061,1.596438802,0.095699192,0.033293085,1.696332359,0.112697535,0.001141383,3.580804592,0.014987371,0.033784364,1.892301401,0.12242292,0.999963911,0.884946631,0.999524868
s122_talk,0.606918635,3.81282836,2.052499542,0.76161592,2.561819999,1.428562807,0.913852825,17.4603582,6.221880067,0.955956498,4.178559345,2.494369673,0.978167684,0.725535285,0.931816931
s123,0.044955233,2.065758846,0.757064389,0.04389939,2.251133719,0.965001297,0.003279259,5.593931187,1.473934631,0.057264811,2.365149295,1.214057095,0.99992891,0.882882074,0.959858634
s123_talk,0.051551401,2.319219559,1.59638936,0.053636441,2.538728431,1.490670879,0.003510014,7.052368277,4.583237024,0.059245375,2.655629544,2.140849603,0.999914528,0.804075202,0.931505446
s124,0.082299336,4.066592377,9.113791835,0.08584586,2.733669195,6.493493565,0.00955058,23.99627452,125.2266603,0.097727071,4.89859924,11.19047185,0.999896882,0.890744186,0.16892754
s124_talk,0.046671326,9.0658425,10.60837607,0.07785343,2.134424532,3.143389605,0.006061222,86.74526831,122.418541,0.077853848,9.313713991,11.06429126,0.999817633,0.915835274,0.756422785
s125,0.032370246,4.547021095,0.399025019,0.039831771,3.099782825,0.744457338,0.001663247,26.9046395,0.691157032,0.040782921,5.186968238,0.831358546,0.9999363,0.699219329,0.982720899
s125_talk,0.398628175,7.73546248,3.066629295,0.71448531,5.32603401,2.924195594,0.632675353,77.62168133,14.51173987,0.795408922,8.810316756,3.809427761,0.994950426,0.663432197,0.927500819
s126,0.040441227,4.277604182,1.383200063,0.046041165,2.939087414,1.297204147,0.002359066,25.76945347,3.583425166,0.048570221,5.076362228,1.892993705,0.999908543,0.744496227,0.936691475
s126_talk,0.041596418,5.005482036,4.986141956,0.050426141,3.396509518,2.264482297,0.002989129,36.5363275,29.98949168,0.054672925,6.044528725,5.476266217,0.99996453,0.775329246,0.912991384
s127,0.037555588,1.146031702,2.165161994,0.049104068,0.173541537,2.545234677,0.002414518,1.343505327,11.13489949,0.049137746,1.159096772,3.336899683,0.99986277,0.999030256,0.657312863
s127_talk,0.403455357,1.618495434,1.587467803,0.731021773,1.489404489,1.463648664,0.68012754,3.66083327,3.09146691,0.824698454,1.913330413,1.758256782,0.990204226,0.959114111,0.961493266
s128,0.721966114,5.574977581,3.155387152,1.394770659,2.856252481,2.603237159,2.449664151,39.23855326,16.70373069,1.565140298,6.264068427,4.087019781,0.851969781,0.581396035,0.695781386
s128_talk,0.022078796,5.790793937,6.798312726,0.027789832,3.890672045,2.969469578,0.00080355,42.3519399,55.0348055,0.028346951,6.507836807,7.418544702,0.999973851,0.613545298,0.821530831
s129,0.021402399,1.32921878,2.05413963,0.026533612,1.340604945,2.011807394,0.000706616,2.155110778,6.733106734,0.026582244,1.468029556,2.594823064,0.999969615,0.922576785,0.867650279
s129_talk,0.027871037,3.335999911,3.510988596,0.033584039,2.497178095,3.155001901,0.00125532,16.10586326,17.45328854,0.035430492,4.01321109,4.177713314,0.999982694,0.893972162,0.822800017
s12_talk,1.653644461,9.494275633,9.134139733,2.054200627,3.630322967,4.825101085,5.904078279,103.3205146,106.7141091,2.429830916,10.16466992,10.33025213,0.953144195,0.789315149,0.626090361
s13,0.019619999,5.90009015,0.060081742,0.02370678,4.113012885,0.076252755,0.000581811,49.97471802,0.005880811,0.024120762,7.06927988,0.076686444,0.999988515,0.661695417,0.999881997
s130,0.026409131,1.410673907,2.002527373,0.033911701,0.219710167,2.185481208,0.001155611,2.038273429,8.578654952,0.033994273,1.427681137,2.928934098,0.999983207,0.999772785,0.928297135
s130_talk,1.1289326,9.632550492,1.105989234,1.06793621,3.012644916,1.028296288,2.380513696,101.8620584,2.265885269,1.542891343,10.0926735,1.505285776,0.980514016,0.827516648,0.98234959
s131,0.051989474,8.95155685,3.749821001,0.062284681,3.367534821,2.20764124,0.003979447,91.47066081,18.90724364,0.063082862,9.564029528,4.348246041,0.999169954,0.729669239,0.835379279
s131_talk,0.030965059,7.602208192,7.161890477,0.037004573,2.969119612,2.342441358,0.001392997,66.60924066,56.77970671,0.037322869,8.161448441,7.535231033,0.999786227,0.649954075,0.781426005
s132,16.21197114,5.012092595,7.286775858,7.04812924,5.821188165,3.823878078,312.504134,35.86390077,67.71914596,17.67778646,5.988647657,8.229164354,-0.768459841,0.427889801,0.794170293
s132_talk,12.16078774,10.56208691,13.3304831,12.81052289,10.70985248,10.96006342,311.9739853,135.0350332,200.5813962,17.66278532,11.62045753,14.16267617,-0.797756315,0.382697158,0.33865104
s133,0.03597795,3.239975811,1.158377656,0.046662248,2.945438844,1.532739513,0.002180461,15.55203721,2.44657914,0.046695409,3.943607132,1.564154449,0.999930944,0.683541968,0.924428708
s133_talk,0.044261186,2.135022677,0.8753949,0.053502917,2.178277383,0.92477503,0.002874304,8.047384175,1.314708358,0.05361254,2.836791176,1.146607325,0.999923029,0.860365717,0.979715797
s134,0.092980552,7.124143342,3.689422646,0.144208168,2.878442785,1.630528977,0.023294945,59.03885122,16.27046421,0.152626817,7.683674331,4.033666348,0.999195759,0.749164313,0.793731473
s134_talk,0.384770486,3.122746839,4.261106342,0.70096062,2.995840788,3.120970822,0.592846568,14.27685423,22.23497984,0.769965303,3.778472473,4.715398163,0.980768382,0.6317099,0.584985597
s135,0.047848268,4.278740235,11.28649806,0.057701691,2.67458891,4.415456634,0.003329652,24.14514631,146.8812958,0.057703135,4.913771088,12.11945938,0.999844853,0.82693494,0.305889588
s135_talk,0.038564005,6.775055158,9.914421503,0.042982689,3.09213698,3.798584494,0.002077856,55.4626835,112.7249979,0.045583502,7.447327272,10.61720292,0.999929941,0.613037368,0.632715943
s136,0.022087805,1.849820173,0.4259164,0.025380183,1.620960701,0.746938145,0.000767853,5.31190793,0.699753423,0.027710156,2.304757673,0.836512656,0.999981431,0.927863003,0.985082095
s136_talk,0.048244033,6.66102167,1.480102555,0.063161193,3.495567819,1.006551513,0.003989384,56.40564237,3.193291664,0.063161567,7.51036899,1.786978361,0.999928574,0.729750942,0.98128651
s13_talk,0.229453424,3.419808006,0.781346169,0.462492233,2.867150524,0.878394158,0.254571847,19.27787177,1.090831731,0.504551134,4.390657327,1.044428902,0.996659118,0.783917561,0.981732814
s14,0.064783506,1.740359856,0.062619049,0.077083489,1.459955839,0.074809856,0.006046384,4.063229061,0.005719275,0.077758498,2.015745287,0.075625891,0.999659651,0.906491177,0.999670567
s14_talk,1.518458579,9.826516295,9.382141566,1.894369608,4.295089777,5.243731874,5.744677328,115.0082187,115.5213043,2.396805651,10.72418849,10.74808375,0.710100906,0.20963584,0.078554936
s15,0.018963124,7.771747267,0.036962557,0.020812516,2.326275515,0.047393821,0.000664348,65.81161335,0.002386499,0.025774944,8.112435722,0.048851811,0.999973365,0.930161898,0.999873344
s15_talk,13.84368122,4.036128362,1.63974421,7.88417645,4.623952365,1.514412751,253.8062129,31.06382767,4.940154956,15.93129665,5.573493309,2.222645936,0.018309828,0.807110061,0.991609887
s16,0.0270617,2.657923707,0.981240066,0.032083595,1.157939719,0.989400143,0.001056896,8.405382825,1.920967738,0.032509944,2.899203826,1.385989804,0.999965679,0.926485748,0.953855049
s16_talk,0.024312362,5.039400855,0.724046576,0.027803513,3.265907385,0.913914485,0.00092434,36.0591846,1.348180973,0.030402953,6.004930025,1.161111955,0.999977121,0.653815167,0.970873367
s17,0.065568904,2.441803755,1.747321889,0.085986642,1.031976076,1.918173303,0.007427988,7.0273802,6.73248632,0.086185774,2.650920633,2.594703513,0.999386579,0.931560872,0.812141232
s17_talk,1.183093342,4.979110776,2.0151421,1.423966257,3.251894657,1.430733191,2.938274048,35.36636298,5.394315122,1.714139448,5.9469625,2.322566495,0.922940785,0.678603372,0.922890608
s18,0.02432726,1.126267027,17.52333254,0.032983733,0.716598783,4.385470675,0.001235463,1.781991233,326.2995365,0.035149147,1.334912444,18.06376308,0.99921253,0.627835225,0.008194019
s18_talk,0.039538545,13.00527922,5.611923284,0.047004587,3.024122468,1.312103881,0.002453181,178.2826043,33.21529955,0.049529598,13.35225091,5.763271601,0.999643474,0.52530199,0.759988658
s19,0.033953499,5.285424345,10.59828319,0.042400867,2.385344757,3.623852073,0.001873932,33.62558012,125.4559103,0.043288933,5.798756773,11.20071026,0.999757994,0.813549042,0.565420755
s19_talk,0.044545484,8.376231156,6.695187334,0.060904242,3.772785729,2.176681122,0.003765116,84.39516053,49.56347414,0.061360538,9.18668387,7.040133105,0.999689571,0.473794305,0.759318477
s20,0.0320922,1.320924486,9.911853271,0.037935551,0.721759183,3.191527005,0.001459154,2.265777816,108.4306799,0.038198874,1.505250084,10.41300532,0.999670864,0.948297254,0.373765706
s20_talk,2.812541792,7.479708781,6.174240332,2.620326457,2.89678809,3.507156242,14.75655708,64.33742469,50.42138858,3.841426438,8.021061319,7.100801967,0.827508273,0.818262115,0.5562584
s21,0.030122643,1.179682736,0.053290594,0.040833591,1.473501861,0.064889213,0.001670985,2.176981353,0.004421854,0.04087768,1.475459709,0.066497019,0.999989567,0.974182097,0.999955558
s21_talk,0.718682869,6.568952981,3.021401152,0.883823235,3.047950408,2.386940137,1.269774251,52.44114496,13.90607956,1.126842603,7.241625851,3.72908562,0.982283451,0.787262577,0.871779856
s22,0.392871841,2.925915979,1.922231785,0.717827277,1.133287714,2.102214191,0.653421084,9.84532536,8.043350325,0.808344657,3.137726145,2.836080098,0.938443117,0.870580993,0.739327093
s22_talk,1.164594293,7.372746332,4.029971438,1.191486676,6.239925563,3.58382995,2.651176558,62.6735307,20.32941144,1.628243397,7.916661588,4.50881486,0.974584132,-0.016405251,0.751282801
s23,0.03189552,3.640891952,0.989907701,0.040029207,3.810899984,1.555401604,0.001620222,17.13225626,2.549214869,0.040251976,4.13911298,1.596626089,0.999971814,0.671636225,0.957151631
s23_talk,0.034360639,6.37799513,2.366065768,0.041469254,6.407873914,2.946130346,0.00173991,65.97157984,13.98036809,0.041712229,8.122289077,3.739033042,0.999966856,0.203422462,0.824703455
s24,6.741284316,3.368635476,11.48805316,4.022309693,3.454037325,3.213297048,61.6238895,22.97642881,142.3006434,7.850088503,4.793373427,11.92898333,0.131642474,0.497806431,0.677452209
s24_talk,3.184751977,6.704628404,9.75004027,4.026952686,3.77327069,4.08236036,26.35899309,59.18961373,108.88075,5.134101002,7.69347865,10.43459391,0.402227338,0.534971411,0.370141153
s25,0.019208599,12.86830459,9.518282068,0.02256918,2.509488954,3.316791471,0.000586103,171.8907978,101.5987992,0.02420957,13.11071309,10.07962297,0.999903005,0.821978474,0.43134279
s25_talk,0.707943275,11.42674829,7.872241295,1.363613784,2.762213889,4.01228098,2.328224641,138.2004021,78.07058167,1.525852103,11.75586671,8.835755863,0.942744142,0.772849514,0.372227119
s26,0.022554991,1.481784598,6.051797213,0.028875566,0.792687603,3.75358863,0.000835152,2.824039229,50.70445395,0.028899002,1.680487795,7.120706001,0.999985012,0.985514935,0.62099111
s26_talk,1.056649486,6.129775772,2.080665916,1.411143572,6.985572927,2.47467996,3.087873478,52.40477636,7.495242214,1.757234611,7.239114336,2.737744001,0.958561317,-0.022273692,0.86366079
s27,0.070681083,18.90098133,17.9930281,0.279710761,3.405096239,4.390097023,0.079945988,368.8417756,343.0220119,0.282747216,19.20525386,18.52085343,0.999303493,0.90240199,0.814183769
s27_talk,2.739384265,24.61171559,9.636032992,2.10002255,3.820066795,3.397642761,11.91432086,620.3294548,104.3971082,3.451712743,24.90641393,10.21749031,0.939723659,0.789107314,0.844640962
s28,12.61505274,12.04347185,13.65681221,6.416820552,5.702639165,5.244319691,200.3151415,177.5653078,214.0114087,14.15327317,13.32536333,14.62912878,-0.842926139,0.198467719,0.410519195
s28_talk,5.532293929,10.86111267,14.92711657,6.311353316,4.142939628,4.454828263,63.03279762,134.5278577,242.6643039,7.93931972,11.59861447,15.57768609,-0.311893969,0.609482377,0.593809884
s29,0.239957847,4.93855459,7.160874016,0.480264343,4.059598953,3.490962664,0.273514329,40.33532231,63.464937,0.522985974,6.35100955,7.966488373,0.996490038,0.727753717,0.806587246
s29_talk,1.654493672,9.480407088,9.039739325,2.342268743,3.384101979,3.861937405,8.223159036,101.3302648,96.63144759,2.867605105,10.0662935,9.830129582,0.939460421,0.849194423,0.791498859
s30,0.394751492,4.028591072,3.305707046,0.734830494,1.814344549,2.080426002,0.66787169,19.52139217,15.24811796,0.817234171,4.418301955,3.90488386,0.960403066,0.822620166,0.811359882
s30_talk,0.948269024,2.348706908,3.233581489,1.158564869,2.972322248,2.766400604,1.756340575,9.972170993,14.69952156,1.325270001,3.157874442,3.833995509,0.937794294,0.644196443,0.845809973
s31,0.041568402,1.464685386,1.236843645,0.048150117,2.077188707,1.830108883,0.002474288,4.423304984,4.833802261,0.049742216,2.103165468,2.198590972,0.999928243,0.855665367,0.899004111
s31_talk,0.420241107,5.209703958,1.389968584,0.739033624,6.24945313,1.407963322,0.668950311,41.45297852,3.861401105,0.817893826,6.438398755,1.96504481,0.992487159,0.049196334,0.959195827
s32,1.468421991,4.286546955,2.57440408,3.014950372,6.286685964,2.933222372,11.18687108,40.35623603,10.78748818,3.344678024,6.352655825,3.284431181,0.884424137,0.302607108,0.900684381
s32_talk,1.4720243,7.987533892,5.369687448,2.331702479,8.932148767,6.072627957,7.542798714,106.4590078,61.59446908,2.746415612,10.31789745,7.848214388,0.960939151,0.018417568,0.586707133
s33,0.032695024,1.009795472,3.711776541,0.038408872,0.68080915,2.440811643,0.001483943,1.145534476,19.73484657,0.038521984,1.070296443,4.442391987,0.999967264,0.989641131,0.87699758
s33_talk,1.114435285,4.980956679,4.202368223,1.79153891,3.703702858,5.660186849,3.374190497,37.89229019,35.00366528,1.836896975,6.155671384,5.916389548,0.972394578,0.841498123,0.624044583
s34,0.012703113,1.087989777,0.73956989,0.014963291,0.682284831,0.882446167,0.000261728,1.317388744,1.283391989,0.016178003,1.147775563,1.13286892,0.999994319,0.98869475,0.98005711
s34_talk,0.562419843,6.337749072,1.152808474,0.921808226,1.964633551,1.104988473,1.134512009,44.02684829,2.438757702,1.065134738,6.635273038,1.561652235,0.970751953,0.858346898,0.970375219
s35,0.415717503,14.30226914,4.818627236,0.719661148,3.628402396,2.164626551,0.664407633,217.7202065,27.90477654,0.815112037,14.75534501,5.282497188,0.849924025,0.805276835,0.565583274
s35_talk,0.099202717,7.893595663,5.149558467,0.127386636,5.024179471,2.688666863,0.018333631,78.83750528,33.74688191,0.135401738,8.87904867,5.809206651,0.9995585,0.241543438,0.801078638
s36,0.028452827,6.924186716,1.902943468,0.032802115,3.331770076,1.925262181,0.001126123,59.04505352,7.275955619,0.033557752,7.684077922,2.697397935,0.999905698,0.485514108,0.741138699
s36_talk,0.054034601,5.823492466,6.073866207,0.069545139,2.834143908,3.426118736,0.004936826,41.94543619,48.6301403,0.070262552,6.476529641,6.973531408,0.999838237,0.718623772,0.890921944
s37,0.022722826,0.905452544,0.063888919,0.026265753,0.841465573,0.078274269,0.001072661,0.959835928,0.006126948,0.032751507,0.979712166,0.078274821,0.999979859,0.978245019,0.999829128
s37_talk,0.35659056,3.721999153,0.06147598,0.68917117,2.164961504,0.074108805,0.586964184,17.54854666,0.00549875,0.766135878,4.18909855,0.074153554,0.990100823,0.885291915,0.999845657
s38,0.076928771,2.482025389,1.119743293,0.099470614,3.887014691,1.331263347,0.010042401,16.81356093,2.859950299,0.100211781,4.100434236,1.691138758,0.999873362,0.835655119,0.977033331
s38_talk,0.053843853,9.215569695,7.591687819,0.064332019,5.99310429,4.837715895,0.005139222,120.8440238,81.03721901,0.071688365,10.99290789,9.002067486,0.999964766,0.631295239,0.743549259
s39,0.022917177,11.74993141,9.770552142,0.032197223,3.337352068,2.722484811,0.001037728,149.198807,102.8756127,0.032213793,12.21469635,10.14276159,0.99965267,0.097899315,0.568043802
s39_talk,1.226153472,10.93001562,7.885134701,1.696518228,2.857714149,4.437501197,3.043215398,127.6317715,81.86676612,1.744481412,11.29742323,9.048025537,0.87334998,0.724236194,0.417557442
s40,0.039073167,3.773766775,0.807547702,0.044356251,1.955554615,0.880927744,0.002231623,18.06550952,1.396868694,0.047240056,4.250354047,1.181891998,0.999869739,0.865510381,0.966606229
s40_talk,7.992282173,6.601905921,1.543872287,5.174788487,5.554881963,1.958775362,90.65501023,57.08199466,3.859018486,9.521292466,7.555262713,1.964438466,0.372144132,0.310954658,0.920383906
s41,0.389859181,2.200887476,1.139573719,0.725854886,1.790684784,1.671900264,0.656175938,7.109570893,2.929230961,0.810046874,2.66637786,1.711499624,0.983027432,0.880326444,0.911874076
s41_talk,1.439231568,2.545429542,0.095015671,2.006379081,2.782418018,0.107105983,6.062090277,10.88593152,0.01599084,2.462131247,3.299383506,0.126454893,0.77977375,0.741694329,0.999386615
s42,7.277593031,1.663581926,1.887961263,4.994272761,1.769959069,2.746867499,77.90612073,3.715059486,7.781001895,8.826444399,1.927448958,2.789444729,0.161710842,0.926992993,0.82571744
s42_talk,6.917040496,14.95669507,3.696841524,4.73966754,7.19417772,4.774537349,70.3098976,275.4589205,28.71382539,8.385099737,16.59695516,5.358528286,0.444763606,0.809508458,0.539475643
s43,0.044880682,2.930056918,1.335605752,0.055429471,1.573663609,1.696241826,0.003305053,11.02847666,3.454799855,0.057489594,3.320915033,1.858709191,0.99982516,0.871014465,0.814363957
s43_talk,0.383759773,2.984333517,0.871244563,0.717302131,4.451881362,1.180079317,0.643247683,20.8867208,1.908680015,0.802027233,4.570199208,1.38154986,0.994607273,0.63492955,0.98064271
s44,0.031888055,6.219605995,4.055164083,0.041162541,3.007250102,4.121444149,0.001694368,47.08275219,29.4391514,0.041162704,6.86168727,5.425785787,0.999921358,0.614331066,0.629110608
s44_talk,0.036892494,6.324367812,1.52268142,0.043279764,6.807726237,1.905869864,0.002040215,48.35311684,4.035850581,0.045168743,6.953640546,2.008942652,0.999978416,0.195401433,0.956587029
s45,0.042067861,3.666672241,2.497729563,0.047059355,3.929753672,1.80249178,0.002492915,28.1987922,9.484734893,0.049929095,5.310253496,3.079729679,0.999968144,0.76473744,0.95159136
s45_talk,6.198041379,13.80485392,11.13115452,9.018687063,8.796086863,4.849068966,119.2802133,267.7715379,147.4160707,10.92154812,16.36372628,12.141502,0.358735879,0.177099374,0.782489253
s46,0.038241323,2.495692735,1.489906967,0.04674904,2.10090959,1.324780723,0.002522383,8.03299597,3.972941552,0.050223328,2.834254041,1.993223909,0.99991483,0.805382137,0.92850495
s46_talk,0.981986669,4.721200699,1.653847917,1.532907345,5.253751239,1.524754093,3.267462348,33.51189272,4.214121878,1.807612333,5.788945734,2.052832647,0.940763287,0.487016262,0.942722676
s47,0.041576549,1.149116995,2.750837925,0.047710284,0.895084585,2.309107159,0.002564727,1.765404551,12.89496564,0.050643137,1.328685272,3.59095609,0.999898308,0.975595625,0.755590183
s47_talk,0.512153007,4.269840532,2.132975204,0.809540624,4.73129692,2.087064369,0.903982708,24.92974547,5.863241803,0.950780052,4.992969604,2.421413183,0.983337699,0.184493859,0.883170756
s48,0.531735143,6.624847132,1.25757385,0.72583029,4.291316226,1.740623802,0.803247866,62.27521192,4.049337888,0.896240964,7.891464498,2.01229667,0.988631086,0.45033934,0.932586754
s48_talk,1.526035393,4.686055758,0.744749598,1.382970753,2.877079996,0.874246323,4.232998471,30.23670787,0.847129984,2.057425204,5.498791492,0.920396645,0.943924035,0.784466789,0.979276421
s49,0.044760394,4.079986669,5.795917209,0.054530623,1.518099371,2.049291989,0.003029163,18.93660407,37.79225395,0.055037831,4.351620855,6.14754048,0.999844539,0.930572584,0.864137222
s49_talk,0.360077645,4.963351908,4.331053536,0.69455719,3.254596581,3.636377094,0.599197758,35.22726106,31.61654563,0.774078651,5.93525577,5.622859204,0.98689306,0.664722332,0.542667079
s50,0.680936585,3.836644529,4.851460482,1.338060709,1.859809237,3.12847697,2.202352205,18.17873164,33.32403696,1.484032414,4.263652382,5.772697546,0.826116598,0.843517255,0.531787896
s50_talk,0.05053046,11.38186377,15.52584667,0.05844307,2.835738783,4.52039647,0.004111248,137.5882374,261.4858989,0.064119011,11.72980125,16.17052562,0.999351573,0.872288595,0.681008642
s51,0.049387611,7.028788771,19.38144089,0.057216492,1.708085232,5.237747807,0.003310304,52.32142675,403.0742531,0.057535239,7.233355152,20.07670922,0.998010546,0.528928216,0.053673637
s51_talk,0.06669425,10.18197967,11.62792457,0.082990168,4.706729244,3.98861899,0.006895639,125.8260102,151.1177113,0.083039983,11.21721936,12.2929944,0.999607115,0.654349328,0.723018039
s52,1.865015561,4.315429519,21.69756924,1.536746473,4.580389268,6.538830687,5.839872764,37.76307684,513.5408176,2.416582869,6.14516695,22.661439,0.517952057,-0.755161361,-0.468145655
s52_talk,2.522278156,11.84207961,17.43880671,1.653312236,3.274526395,9.085279622,9.095289251,150.9573725,386.6542853,3.015839726,12.28647112,19.66352678,0.858425092,0.448901838,-0.733003654
s53,0.421671697,0.994681838,1.08546006,0.721483128,0.908554418,1.492274128,0.652994957,1.085915764,2.397856221,0.808081033,1.042072821,1.548501282,0.982663149,0.970351871,0.930505356
s53_talk,0.392933694,3.233341335,2.256707459,0.693302017,2.847474416,2.456790218,0.609396792,15.19411663,6.156838638,0.780638708,3.897963139,2.481297773,0.994695326,0.908773715,0.931139714
s54,0.815757464,6.149506837,12.85903847,1.247903479,3.808356495,4.485269504,1.562267916,51.79403444,185.4539575,1.249907163,7.196807239,13.61814809,0.990787181,0.907240855,0.946736874
s55,0.019543264,2.704987327,4.156009105,0.023651904,1.587201312,2.479745453,0.000631516,9.836164448,23.42154919,0.025129984,3.136266004,4.83958151,0.999911495,0.813514575,0.605279957
s55_talk,0.028358484,1.795548973,2.660342329,0.036410894,2.488366426,2.82689375,0.001369365,6.609376108,8.780244837,0.037004936,2.570870691,2.963147792,0.999960979,0.806219762,0.740484483
s56,0.384137633,3.976382119,2.724909712,0.706195111,3.957358897,2.663058641,0.626384961,21.20461704,11.45083183,0.791444857,4.604847124,3.383907774,0.994391945,0.41352172,0.768540852
s56_talk,0.415425337,5.520033154,3.658777117,0.7283585,6.091216137,3.259992343,0.669291163,39.99975253,20.39176797,0.818102172,6.324535756,4.515724524,0.997108847,0.651777203,0.919286413
s57,0.013125033,2.830708672,2.685944388,0.01615634,1.045848183,1.670562636,0.000262834,9.106710005,9.896542504,0.01621217,3.017732593,3.145877064,0.999957205,0.898748955,0.87232052
s57_talk,0.060939433,5.199541727,4.487873508,0.112675205,2.677187254,2.620181482,0.012695706,34.20256577,26.88660766,0.112675226,5.848295971,5.185229759,0.999395443,0.732723877,0.876341512
s58,0.073255066,1.342481236,0.765902099,0.089261828,1.759596067,1.01633728,0.008515108,3.756612189,1.558807982,0.092277341,1.938198181,1.24852232,0.999853346,0.945072775,0.984716171
s58_talk,0.029817645,1.897489202,1.29225303,0.03423393,2.209348818,1.84624713,0.001326048,4.99326495,3.409224393,0.036414941,2.234561467,1.846408512,0.999980524,0.916353853,0.94166295
s59,0.034450505,1.048094525,0.410803731,0.044483167,0.210920145,0.744274831,0.001978988,1.142989442,0.70636446,0.044485819,1.069106843,0.840454913,0.999856057,0.997612953,0.960999698
s59_talk,0.030437408,9.158140177,3.410688242,0.037168033,4.89813882,3.372841502,0.001382975,107.8632954,17.07260997,0.037188369,10.38572556,4.131901496,0.99998072,0.528118863,0.822963076
s60,0.017454832,12.8268962,18.72745626,0.024544798,4.11150603,5.834896362,0.000716342,181.433748,384.7636334,0.026764562,13.46973452,19.61539277,0.999781643,-0.358469111,-0.717981712
s60_talk,0.217416135,11.83359207,7.228912442,0.397288472,3.695994511,4.71364177,0.190241129,153.6942766,74.42051475,0.436166401,12.39734958,8.626732565,0.987111685,0.291795434,0.106415489
s61,0.021401557,11.97489659,16.52240378,0.02903839,3.972898027,5.437230538,0.000932276,159.1820672,302.5533027,0.030533194,12.61673758,17.39405941,0.999527665,0.073084526,-0.665904542
s61_talk,0.041181686,6.311548986,6.539926162,0.052169446,3.273820142,3.081000841,0.002752522,50.55354892,52.26320038,0.052464485,7.110101892,7.229329179,0.999911884,0.659464963,0.763423628
s62,0.039786308,1.717015335,3.029206337,0.051866232,0.749109401,3.21377055,0.00269181,3.509306554,19.37514983,0.051882655,1.873314323,4.401721234,0.999898889,0.979346334,0.767737318
s62_talk,0.443768252,2.826280174,2.223658333,0.723621646,3.376782188,2.059441639,0.711574898,11.48784422,9.185956246,0.84354899,3.389372246,3.030834249,0.981581786,0.646265566,0.887876124
s63,0.016978271,14.1735008,6.437502079,0.021136285,3.021761348,2.35871065,0.000470324,210.0191666,47.00494895,0.021686966,14.49203804,6.85601553,0.999994615,0.878783712,0.93205139
s63_talk,1.05602406,12.78466844,2.804570112,0.971056127,3.100302328,1.529623685,2.021181908,173.0596216,9.759753572,1.421682773,13.15521272,3.12406043,0.982110908,0.793233038,0.954038619
s64,0.047968983,4.646541007,0.774459318,0.056124291,4.930747546,1.288423327,0.003658666,27.81713155,1.666672347,0.060486911,5.274194872,1.290996649,0.999841378,0.259861026,0.914006101
s64_talk,0.411912702,3.064617044,2.929273452,0.722828239,3.084054667,3.123268966,0.666346742,14.77739198,12.17130518,0.816300644,3.844137351,3.48873977,0.989400186,0.814364803,0.771814923
s65,0.065773347,1.578361421,1.03351001,0.13773879,2.011329723,1.265028488,0.022559505,4.045503141,1.712709922,0.150198219,2.011343616,1.308705438,0.999945982,0.886702268,0.959049474
s65_talk,3.136896838,10.00830417,4.39252618,2.405367395,5.374580657,4.285161343,12.57479837,129.0522695,33.31892732,3.546096216,11.3601175,5.77225496,0.943559475,0.582304441,0.745059056
s66,0.015779106,1.056656414,2.378943882,0.019984373,0.737583163,1.917233998,0.000446931,1.191981546,9.309197578,0.021140744,1.091779074,3.051097766,0.999976612,0.97060629,0.812251284
s66_talk,0.273759536,2.146758076,5.24114339,0.678704994,2.047740757,2.273881544,0.519338904,7.2095518,32.64012131,0.720651722,2.685060856,5.71315336,0.976390834,0.86158394,0.919232455
s67,0.02439735,4.538756921,2.883508293,0.028906727,2.741412926,1.512373497,0.000851975,27.54816,10.60189367,0.029188605,5.248634108,3.256054924,0.999951637,0.509716867,0.860714576
s67_talk,0.070183699,7.300796527,2.522921475,0.077717366,3.07566246,2.363528419,0.006295442,62.74160237,11.75459173,0.079343822,7.920959687,3.428497007,0.999901851,0.814458806,0.897243132
s68,0.309913234,10.17333101,5.302904451,0.609540923,2.741926929,2.202843898,0.446027816,111.014827,32.97331686,0.667853139,10.53635739,5.742239708,0.82295249,0.842319362,0.48921324
s68_talk,0.415220303,9.524205127,7.833972531,0.749826037,4.582231175,2.182131122,0.662722622,111.7073258,66.13282185,0.814077774,10.56916864,8.132208916,0.918100739,0.305775802,0.798257289
s69,0.027735367,2.486348773,0.410069683,0.032151024,1.513353535,0.744879917,0.001183542,8.472169145,0.709100579,0.034402638,2.910699082,0.8420811,0.9999456,0.921939623,0.974241065
s70,0.871949476,2.495201089,2.382232397,1.192772136,1.249691111,1.518074069,2.175143221,7.78775635,7.979580072,1.474836676,2.790655183,2.824815051,0.853765856,0.765365805,0.754763998
s70_talk,0.630020412,10.81678552,6.618345457,0.897036714,3.50989159,3.38569077,1.16028374,129.3221879,55.26539858,1.077164676,11.37199138,7.434070122,0.894375717,0.615512317,0.699108517
s71,0.038340575,1.13296785,0.195270801,0.0459781,0.315787437,0.258394637,0.002208817,1.383337855,0.096553188,0.04699805,1.17615384,0.310730089,0.999958089,0.999036596,0.998909291
s71_talk,0.058236899,4.9943922,1.021824434,0.080156615,3.195510423,1.485122772,0.006484483,32.95253648,2.246269314,0.080526286,5.740429991,1.498755922,0.999911665,0.852163611,0.970074277
s72,0.82909094,1.54652622,9.528482163,1.34885826,1.782329451,3.394290817,2.483980595,3.318228275,102.3131825,1.576064908,1.821600471,10.1149979,0.878158028,0.806358556,0.175857487
s72_talk,0.035356801,5.498402999,2.756994293,0.042927009,5.644232304,2.122988212,0.001849118,37.3000368,9.615218621,0.043001367,6.107375607,3.100841599,0.999962359,0.217698056,0.908331511
s74,0.021325531,1.363220176,4.647204421,0.025710806,1.615793494,3.363254829,0.000704964,4.111809022,32.03880716,0.026551154,2.027759607,5.660283311,0.999982091,0.930931405,0.658671261
s74_talk,1.99603153,8.183234698,12.71905348,2.319036548,2.926281899,3.393450357,9.333685173,75.52845587,173.2898268,3.055108046,8.690710895,13.16395939,0.909196229,0.860014261,0.790217217
s75,0.0248651,1.194922699,7.038395902,0.033864235,1.197697036,3.392533473,0.001154942,1.755624222,61.04830024,0.033984438,1.324999707,7.81334117,0.999988242,0.984083141,0.864017342
s75_talk,0.049284563,10.60381128,1.617483653,0.058072271,3.440808878,1.048079444,0.003656941,124.2799795,3.714723889,0.060472643,11.14809309,1.927361899,0.999934296,0.737701835,0.979568928
s76,0.036775554,1.385546835,1.398108047,0.04343525,0.808638019,0.959744161,0.001888276,2.57222355,2.85238737,0.0434543,1.603815311,1.688901232,0.999777547,0.947422746,0.931123643
s76_talk,0.032048741,1.9395214,1.844506433,0.042430664,2.167336069,1.072432571,0.001839265,6.144098711,4.546757717,0.042886657,2.478729253,2.132312762,0.999927974,0.817456764,0.981512476
s77,0.041743064,6.597845523,4.256537638,0.053907148,2.802238396,3.622315809,0.003015488,51.38410557,31.20684791,0.054913458,7.168270752,5.58630897,0.999902128,0.739150315,0.717725231
s77_talk,0.397517978,6.526449148,2.556681714,0.688527502,7.142945108,3.357605143,0.585926949,60.02573822,11.54079052,0.765458653,7.747627909,3.397173902,0.990556196,-0.092528515,0.826738155
s78,0.031092002,3.737353178,0.211243728,0.036660044,1.741757007,0.421141231,0.001372565,17.00152625,0.179072827,0.037048145,4.123290706,0.423169974,0.9999737,0.938585079,0.997545231
s78_talk,0.383990897,6.537746372,2.236034957,0.727471988,3.590892513,2.591039277,0.65934366,55.63663666,8.915306283,0.811999791,7.458997028,2.985851015,0.989465028,0.638665751,0.816037026
s79,0.0438605,8.554267613,11.40449117,0.044898183,4.446759795,5.403186358,0.003373935,92.94916707,159.2568418,0.058085582,9.641014836,12.61970054,0.999946519,0.194518864,0.157922119
s79_talk,0.049674554,2.491845973,2.445605892,0.041373281,2.910025844,2.397817192,0.003440345,8.923383585,10.5861005,0.058654455,2.987203305,3.253628821,0.999979313,0.844425454,0.900551498
s80,0.097633074,1.69491784,0.100004252,0.124255702,2.013843456,0.126316489,0.015440189,4.509372508,0.016217296,0.124258557,2.123528316,0.127347147,0.999708851,0.931222565,0.999691794
s80_talk,1.678147866,5.532848898,3.40682712,2.835446291,6.16138808,3.39391401,10.64259688,40.16691849,21.39599052,3.262299324,6.337737648,4.62558002,0.840311285,0.181318469,0.760587181
s81,1.146784906,6.987981747,8.572018819,1.477922901,2.968957135,3.197872066,3.440177774,57.64659537,83.70589239,1.854771623,7.592535503,9.149092435,0.808146147,0.82933297,0.396737722
s81_talk,0.025860086,2.399991749,4.904666976,0.033947818,1.981238992,2.293606949,0.001152971,9.469907094,29.31639098,0.033955432,3.077321415,5.414461282,0.99996112,0.94521514,0.852320527
s82,0.018461953,1.525826814,0.063545159,0.021796398,0.761235789,0.077018238,0.000491322,2.907627392,0.005997303,0.022165776,1.705176645,0.077442255,0.999971203,0.965575618,0.999750639
s82_talk,0.022094054,6.206880792,0.087479646,0.027843589,3.446748792,0.132536656,0.000775348,50.4054464,0.0175937,0.027845064,7.099679317,0.132641247,0.999984817,0.792187365,0.999674475
s83,0.032402526,8.807077045,1.213672536,0.030592396,4.190453325,1.255903091,0.001677286,95.12450515,3.017794239,0.040954683,9.753179233,1.737179967,0.999934996,0.422896147,0.876635672
s83_talk,0.034188171,6.299830966,8.134366802,0.04308498,2.634507758,3.359928196,0.001930864,46.62850133,77.45704075,0.043941602,6.828506523,8.800968171,0.999889987,0.754924198,0.588425382
s84,0.018880812,1.881853449,6.109838769,0.022233401,1.994208587,4.30602998,0.000633112,6.092901765,53.75258383,0.025161713,2.468380393,7.331615363,0.999971603,0.770554253,0.257330614
s84_talk,2.424576197,3.772749509,2.584616364,1.905296737,4.591420367,2.614406517,9.506975962,25.18923818,10.94025537,3.083338444,5.018888141,3.307605686,0.918810945,0.445942538,0.840933742
s85,0.034038648,6.733681389,1.833975374,0.040331022,2.637233422,1.793550901,0.001835876,52.29746517,6.250565344,0.042847121,7.231698637,2.500113066,0.999982193,0.891686226,0.950682415
s85_talk,2.32677153,8.186675931,3.114099955,1.533971034,2.394616858,1.395361862,7.736478447,72.7558527,11.64465325,2.781452579,8.529704139,3.4124263,0.956517815,0.887613306,0.963641495
s86,0.029544364,9.492458167,1.914033659,0.033813737,2.342512969,1.553768235,0.001336725,95.59412907,6.071880089,0.036561253,9.777225019,2.464118522,0.999791435,0.640824564,0.603941932
s86_talk,0.378915534,4.202322884,1.568323878,0.735086302,3.222297596,1.574445536,0.672564141,23.18939005,3.856516248,0.82010008,4.815536321,1.963801479,0.98688516,0.721769847,0.940088901
s87,0.043509632,2.766888716,0.815014975,0.053362157,2.486914906,1.074818062,0.002850251,8.96883293,1.815892857,0.053387737,2.994800983,1.347550688,0.999922395,0.770657144,0.962467944
s87_talk,0.022191646,3.835195684,0.100309813,0.029662847,2.864887813,0.145802139,0.000884838,20.66774224,0.022486984,0.029746234,4.546178861,0.149956608,0.999965232,0.719397598,0.999184203
s88,0.028033658,1.672110255,0.400883774,0.020066008,1.428269338,0.737504883,0.001135787,3.892058667,0.687660917,0.033701442,1.972830116,0.829253229,0.999988392,0.934638357,0.978923944
s88_talk,0.178544914,2.455737015,0.404309417,0.499643593,2.485276689,0.753781955,0.261029138,8.662682395,0.668489379,0.510910107,2.943243516,0.817611998,0.992792773,0.821609489,0.983465234
s89,0.020564702,10.81510216,4.333173517,0.025840214,2.457079593,1.947531499,0.00066962,123.003675,22.5413977,0.025877009,11.09070219,4.747778186,0.999969171,0.939939322,0.883427474
s89_talk,0.029198123,9.231673389,6.84327577,0.034795807,2.977469785,2.287798757,0.001446937,94.08911989,52.06444642,0.03803862,9.699954633,7.215569723,0.999940788,0.55570304,0.8583227
s90,0.047187133,2.40172606,0.614330804,0.05786133,2.936675302,0.886203637,0.003480773,8.681247892,1.063616109,0.058998072,2.946395746,1.031317657,0.999930678,0.846872711,0.982574839
s90_talk,0.03102821,10.38199382,6.634330979,0.038756134,4.332891328,3.807846889,0.001544276,126.5597429,58.51404547,0.039297272,11.24987746,7.649447397,0.999982454,0.751249225,0.860267777
s91,0.025226901,1.674947222,1.042211045,0.03034959,1.901233303,1.302429539,0.000984054,3.647902189,2.704874015,0.031369628,1.909948216,1.644650119,0.999975961,0.900893164,0.954529222
s91_talk,0.020730631,3.150515596,1.853662255,0.024225063,1.666180406,1.916390061,0.00058943,12.70190567,7.038861894,0.024278181,3.563973298,2.653085354,0.999985087,0.919637739,0.895674346
s92,0.390204417,0.909145833,5.876915702,0.734526621,0.740171018,2.45280633,0.677246259,0.922370484,40.55439706,0.822949731,0.96040121,6.368233433,0.827418857,0.850307113,0.600229928
s92_talk,0.048610161,7.873272429,3.708880009,0.067428169,2.698788199,2.201550954,0.004557575,69.27187649,18.60261752,0.067509812,8.322972816,4.313075182,0.999641382,0.868185005,0.70724962
s93,0.027695962,1.304354828,1.033466871,0.028992262,1.759432666,1.448042814,0.001315572,3.500160456,3.120580246,0.03627082,1.870871577,1.766516416,0.999983336,0.925279873,0.94931591
s93_talk,0.039118298,4.422095471,0.403916114,0.04443503,2.934080247,0.725091581,0.002242052,26.65146309,0.586703902,0.047350316,5.162505505,0.765965992,0.999916886,0.685219167,0.977485483
s94,0.025691138,1.349134933,3.808861114,0.032260257,0.820299131,2.309055602,0.001041681,2.493055733,19.83916075,0.032275086,1.578941333,4.454117281,0.999905388,0.972995846,0.498935148
s94_talk,0.045800516,3.605439398,2.664891954,0.056280939,4.716120872,2.757691924,0.003182017,23.14069631,9.973062467,0.05640937,4.810477763,3.15801559,0.999951916,0.614854457,0.876813612
s95,0.034378885,4.160499553,1.826202766,0.036298453,1.318805633,2.078432176,0.002078342,19.04900483,5.406546606,0.045588834,4.364516563,2.325198186,0.999952165,0.938768729,0.83012748
s95_talk,0.047677708,3.238951775,1.925126339,0.055507388,3.785513144,2.281274964,0.003141101,14.65800993,8.838404931,0.056045525,3.828578056,2.972945497,0.999879365,0.635203737,0.888858084
s96,0.018338616,1.172783823,8.966875603,0.024297249,0.784731309,2.536980978,0.000591023,1.991225123,86.84113057,0.024310974,1.411107764,9.318858866,0.999845243,0.778554576,0.577671143
s96_talk,0.032974524,4.504061229,4.68662827,0.039074621,4.417224277,3.047551648,0.001738005,38.1957219,31.25205559,0.041689384,6.180268756,5.590353798,0.999943184,0.371349736,0.819542577
s97,0.027642315,3.129416731,0.547226108,0.036178012,1.168740054,0.875994623,0.001355522,11.15920239,1.030360879,0.036817421,3.340539236,1.015066933,0.999935083,0.92806109,0.962424163
s97_talk,0.382600676,5.677929024,1.802415771,0.702501527,1.679500098,1.847392691,0.629448456,35.05959858,6.590354241,0.793377877,5.92111464,2.567168526,0.988443585,0.936416954,0.915716881
s98,0.059312193,14.32502939,13.42727356,0.077668527,2.989063151,3.084340219,0.006047519,214.1409655,189.8048298,0.077765799,14.63355615,13.77696737,0.999318477,0.905768405,0.719849827
s98_talk,1.04293229,11.30864379,8.873671755,1.929967926,4.832473704,5.049737449,4.755757932,151.2382265,104.1854362,2.180770032,12.2978952,10.20712674,0.732657836,0.511342207,0.248216359
s99,0.025870357,4.386461467,7.218238943,0.036238902,2.187343593,3.699904329,0.001315555,24.0255162,65.79226548,0.036270582,4.90158303,8.111243153,0.999656704,0.452609282,-0.123769409
s99_talk,0.151987293,5.811686406,5.419004182,0.188825851,5.017973809,3.993675578,0.035814348,46.48695484,39.55119055,0.189246791,6.818134264,6.288973728,0.998489033,0.122113499,0.382941239
